file,title,category,tags,source,rights

product_06.png,제품 시안 6,제품,신제품·캠페인,직접 생성한 가상 도형 테스트 이미지,직접 생성한 테스트 자산 · 실제 제품 없음

product_07.png,제품 시안 7,제품,신제품·캠페인,직접 생성한 가상 도형 테스트 이미지,직접 생성한 테스트 자산 · 실제 제품 없음

product_08.png,제품 시안 8,제품,신제품·캠페인,직접 생성한 가상 도형 테스트 이미지,직접 생성한 테스트 자산 · 실제 제품 없음

product_09.png,제품 시안 9,제품,신제품·캠페인,직접 생성한 가상 도형 테스트 이미지,직접 생성한 테스트 자산 · 실제 제품 없음

product_10.png,제품 시안 10,제품,신제품·캠페인,직접 생성한 가상 도형 테스트 이미지,직접 생성한 테스트 자산 · 실제 제품 없음

product_11.png,제품 시안 11,제품,신제품·캠페인,직접 생성한 가상 도형 테스트 이미지,직접 생성한 테스트 자산 · 실제 제품 없음

product_12.png,제품 시안 12,제품,신제품·캠페인,직접 생성한 가상 도형 테스트 이미지,직접 생성한 테스트 자산 · 실제 제품 없음

product_13.png,제품 시안 13,제품,신제품·캠페인,직접 생성한 가상 도형 테스트 이미지,직접 생성한 테스트 자산 · 실제 제품 없음

product_14.png,제품 시안 14,제품,신제품·캠페인,직접 생성한 가상 도형 테스트 이미지,직접 생성한 테스트 자산 · 실제 제품 없음

product_15.png,제품 시안 15,제품,신제품·캠페인,직접 생성한 가상 도형 테스트 이미지,직접 생성한 테스트 자산 · 실제 제품 없음

product_16.png,제품 시안 16,제품,신제품·캠페인,직접 생성한 가상 도형 테스트 이미지,직접 생성한 테스트 자산 · 실제 제품 없음

product_17.png,제품 시안 17,제품,신제품·캠페인,직접 생성한 가상 도형 테스트 이미지,직접 생성한 테스트 자산 · 실제 제품 없음

없는파일.png,미매칭 확인,제품,누락,원본 없음,확인 필요